Όνομα,Latitude,Longitude,Κατηγορία,Κόστος,Ωράριο,Περιγραφή
Όπερα του Όσλο,59.9075,10.7533,Αξιοθέατα,Δωρεάν,Στέγη: πάντα ανοιχτή · Φουαγιέ 10:00–21:00,"Το κτίριο-σύμβολο του Όσλο: ανεβαίνεις περπατώντας πάνω στη σκεπή του από μάρμαρο Carrara, χωρίς εισιτήριο, και βλέπεις όλο το φιόρδ. Το βράδυ φωτίζεται σαν παγόβουνο. — ΚΟΣΤΟΣ: Δωρεάν — ΩΡΑΡΙΟ: Στέγη: πάντα ανοιχτή · Φουαγιέ 10:00–21:00 — ΚΟΛΠΟ: Πήγαινε ~1 ώρα πριν τη δύση. Η σκεπή γλιστράει με βροχή — παπούτσια με γρίπη. — ★ Διαμάντι"
Κάστρο Άκερσχους,59.9078,10.7365,Αξιοθέατα,Δωρεάν (κάστρο) · 120 NOK το μουσείο,Περίβολος 06:00–21:00,Μεσαιωνικό φρούριο του 1290 πάνω από το λιμάνι. Ο περίβολος με τα κανόνια και τη θέα στο φιόρδ είναι δωρεάν — από τα ωραιότερα δωρεάν σημεία της πόλης. — ΚΟΣΤΟΣ: Δωρεάν (κάστρο) · 120 NOK το μουσείο — ΩΡΑΡΙΟ: Περίβολος 06:00–21:00 — ΚΟΛΠΟ: Ιδανικό για ηλιοβασίλεμα με μια μπύρα από σούπερ μάρκετ στα χορταρικά. — ★ Διαμάντι
Πάρκο Βίγκελαντ,59.9269,10.6996,Αξιοθέατα,Δωρεάν · 24/7,Πάντα ανοιχτό,212 γλυπτά γυμνών μορφών του Gustav Vigeland σε ένα τεράστιο πάρκο — το μεγαλύτερο έργο ενός μόνο γλύπτη στον κόσμο. Ο Μονόλιθος με τα 121 μπλεγμένα σώματα και ο «Θυμωμένος Μικρός» (Sinnataggen) είναι θεσμός. — ΚΟΣΤΟΣ: Δωρεάν · 24/7 — ΩΡΑΡΙΟ: Πάντα ανοιχτό — ΚΟΛΠΟ: Πριν τις 10:00 ή μετά τις 18:00 δεν έχει κόσμο. Πάρε φαγητό — τέλειο για πικνίκ. — ★ Διαμάντι
Βασιλικό Παλάτι,59.9169,10.7276,Αξιοθέατα,Πάρκο δωρεάν,Αλλαγή φρουράς κάθε μέρα 13:30,"Δεν μπαίνεις μέσα (μόνο ξεναγήσεις το καλοκαίρι), αλλά το Slottsparken γύρω είναι ανοιχτό και όμορφο, και η αλλαγή φρουράς στις 13:30 είναι δωρεάν θέαμα. — ΚΟΣΤΟΣ: Πάρκο δωρεάν — ΩΡΑΡΙΟ: Αλλαγή φρουράς κάθε μέρα 13:30 — ΚΟΛΠΟ: Δεν υπάρχουν κάγκελα — πλησιάζεις κυριολεκτικά στην πόρτα. Πολύ νορβηγικό."
Δημαρχείο,59.912,10.7336,Αξιοθέατα,Δωρεάν,09:00–16:00,Εδώ απονέμεται το Νόμπελ Ειρήνης κάθε 10 Δεκεμβρίου. Μπαίνεις δωρεάν και η κεντρική αίθουσα είναι καλυμμένη με τεράστιες τοιχογραφίες. — ΚΟΣΤΟΣ: Δωρεάν — ΩΡΑΡΙΟ: 09:00–16:00 — ΚΟΛΠΟ: 10 λεπτά αρκούν. Καλό γέμισμα αν σε πιάσει βροχή.
Πάρκο Έκεμπεργκ,59.8969,10.769,Αξιοθέατα,Δωρεάν · 24/7,Πάντα ανοιχτό,"Δάσος-πάρκο γλυπτικής πάνω από την πόλη, με έργα Dalí, Rodin, Vigeland σκορπισμένα ανάμεσα στα δέντρα. Εδώ στάθηκε ο Munch όταν «άκουσε την κραυγή της φύσης» — υπάρχει ταμπέλα στο ακριβές σημείο. — ΚΟΣΤΟΣ: Δωρεάν · 24/7 — ΩΡΑΡΙΟ: Πάντα ανοιχτό — ΚΟΛΠΟ: Τραμ 13/19 μέχρι Ekebergparken. Η ΚΑΛΥΤΕΡΗ δωρεάν θέα του Όσλο, πολύ πάνω από το Holmenkollen. — ★ Διαμάντι"
Χιονοδρομικό άλμα & Μουσείο Σκι,59.9639,10.6678,Αξιοθέατα,~185 NOK (μουσείο + πύργος),10:00–17:00 (καλοκαίρι έως 18:00),"Το θρυλικό σκι-άλμα του Όσλο. Το εισιτήριο περιλαμβάνει το αρχαιότερο μουσείο σκι στον κόσμο και ανελκυστήρα στην κορυφή του πύργου με πανοραμική θέα στο φιόρδ. — ΚΟΣΤΟΣ: ~185 NOK (μουσείο + πύργος) — ΩΡΑΡΙΟ: 10:00–17:00 (καλοκαίρι έως 18:00) — ΚΟΛΠΟ: Metro γραμμή 1 μέχρι Holmenkollen (~25′ από το κέντρο, μέσα στη ζώνη 1). Η διαδρομή του μετρό είναι μόνη της αξιοθέατο. — ★ Διαμάντι"
Συνοικία Barcode,59.9089,10.757,Αξιοθέατα,Δωρεάν,—,"12 ουρανοξύστες σε σειρά, ο καθένας από διαφορετικό αρχιτέκτονα, που μοιάζουν με barcode. Δίπλα η βιβλιοθήκη Deichman και το Munch. Το νέο, γυάλινο Όσλο. — ΚΟΣΤΟΣ: Δωρεάν — ΚΟΛΠΟ: Η Deichman Bjørvika (βιβλιοθήκη) μπαίνεις δωρεάν, έχει θέα και τουαλέτες — χρήσιμο."
Άκερ Μπρίγκε,59.9107,10.7275,Αξιοθέατα,Δωρεάν βόλτα,—,"Το ανακαινισμένο ναυπηγείο, τώρα προκυμαία με ξύλινες προβλήτες, γλυπτά και θέα. Τα εστιατόρια εδώ είναι παγίδα τουριστών — η βόλτα όμως αξίζει. — ΚΟΣΤΟΣ: Δωρεάν βόλτα — ΚΟΛΠΟ: Στο Tjuvholmen υπάρχει μικρή δωρεάν πλαζ με πλατφόρμες για βουτιά (Tjuvholmen bystrand)."
Ξύλινα σοκάκια,59.9231,10.7481,Αξιοθέατα,Δωρεάν,—,Δύο πλακόστρωτα δρομάκια με στραβά ξύλινα σπίτια του 1800 που γλίτωσαν από τις πυρκαγιές. Λες και μπήκες σε παραμύθι — και είναι 7 λεπτά με τα πόδια από το σπίτι σας. — ΚΟΣΤΟΣ: Δωρεάν — ΚΟΛΠΟ: Συνέχισε ως το νεκροταφείο Vår Frelsers όπου είναι θαμμένοι ο Munch και ο Ίψεν. — ★ Διαμάντι
Γκρίνερλοκα,59.9231,10.759,Αξιοθέατα,Δωρεάν,—,"Η πιο ζωντανή γειτονιά του Όσλο: παλιά εργατική, τώρα γεμάτη vintage μαγαζιά, street art, μικροζυθοποιίες και πλατείες με κόσμο. Το Olaf Ryes plass και το Birkelunden είναι τα σαλόνια της. — ΚΟΣΤΟΣ: Δωρεάν — ΚΟΛΠΟ: Κυριακή πρωί έχει λαϊκή/παζάρι στο Birkelunden. Εδώ θα περάσεις τα περισσότερα βράδια. — ★ Διαμάντι"
Βοτανικός Κήπος,59.9186,10.7712,Αξιοθέατα,Δωρεάν (θερμοκήπια 80 NOK),07:00–21:00,"Ο παλαιότερος βοτανικός κήπος της Νορβηγίας, 1814. Ήσυχη όαση στο Tøyen με 5.500 είδη φυτών και έναν κήπο αρωμάτων. — ΚΟΣΤΟΣ: Δωρεάν (θερμοκήπια 80 NOK) — ΩΡΑΡΙΟ: 07:00–21:00 — ΚΟΛΠΟ: Δίπλα στο Μουσείο Munch — συνδυάζονται τέλεια σε ένα απόγευμα."
Πάρκο Σαντ Χανσχάουγκεν,59.9274,10.7393,Φύση & Θέα,Δωρεάν,—,"Ο λόφος-πάρκο της γειτονιάς σας, κυριολεκτικά 3 λεπτά από την πόρτα. Θέα στην πόλη, χορτάρι, σιντριβάνι. Εδώ θα πίνεις τον καφέ σου. — ΚΟΣΤΟΣ: Δωρεάν — ΚΟΛΠΟ: Η δική σας αυλή. Τέλειο για μπύρα το ηλιοβασίλεμα χωρίς να ξοδέψεις τίποτα."
Ποταμός Άκερσελβα,59.928,10.755,Φύση & Θέα,Δωρεάν,—,"Το ποτάμι που κόβει το Όσλο στα δύο, με μονοπάτι όλο μήκος: καταρράκτες, παλιά εργοστάσια, γέφυρες γεμάτες γκράφιτι. Είναι ο ωραιότερος τρόπος να πας από το κέντρο στη Grünerløkka. — ΚΟΣΤΟΣ: Δωρεάν — ΚΟΛΠΟ: Ξεκίνα από Vulkan/Mathallen και ανέβα βόρεια. Ο καταρράκτης στο Beierbrua είναι το ωραίο σημείο. — ★ Διαμάντι"
Θαλάσσιο κολυμβητήριο Σόρενγκα,59.9021,10.7527,Μπάνιο,Δωρεάν,24/7 (ναυαγοσώστης το καλοκαίρι),"Δωρεάν κολυμβητήριο μέσα στο λιμάνι: ξύλινα deck, βατήρας, καθαρό νερό του φιόρδ και θέα στην Όπερα. Οι ντόπιοι κάνουν μπάνιο εδώ μέχρι τον Οκτώβρη. — ΚΟΣΤΟΣ: Δωρεάν — ΩΡΑΡΙΟ: 24/7 (ναυαγοσώστης το καλοκαίρι) — ΚΟΛΠΟ: Νερό ~17–19°C τον Αύγουστο. Πάρε πετσέτα — είναι η πιο «Όσλο» εμπειρία που θα ζήσεις δωρεάν. — ★ Διαμάντι"
Οδός Καρλ Γιόχαν,59.9133,10.7397,Αξιοθέατα,Δωρεάν,—,"Ο κεντρικός πεζόδρομος, από τον σταθμό ως το Παλάτι. Τουριστικός αλλά είναι ο άξονας που συνδέει τα πάντα. — ΚΟΣΤΟΣ: Δωρεάν — ΚΟΛΠΟ: Μη φας και μην πιεις τίποτα πάνω στον δρόμο — 40% ακριβότερα από 2 τετράγωνα μακριά."
Συνοικία Vulkan,59.9226,10.7513,Αξιοθέατα,Δωρεάν βόλτα,—,"Πρώην βιομηχανικό τετράγωνο δίπλα στο ποτάμι, τώρα γεμάτο με το Mathallen, μπυραρίες, μια σκηνή αναρρίχησης και αστικά μελίσσια στις ταράτσες. — ΚΟΣΤΟΣ: Δωρεάν βόλτα — ΚΟΛΠΟ: Το σημείο εκκίνησης για τη βόλτα στο Akerselva."
Μουσείο Μουνκ,59.906,10.7554,Μουσεία,280 NOK · 200 NOK μετά τις 18:00,Κυρ–Τρί 10:00–18:00 · Τετ–Σάβ 10:00–21:00,"13 όροφοι αφιερωμένοι στον Έντβαρντ Μουνκ, με δύο από τις εκδοχές της «Κραυγής» να εναλλάσσονται κάθε μισή ώρα σε ειδικό θάλαμο. Στον 13ο όροφο μπαρ με θέα σε όλο το φιόρδ. — ΚΟΣΤΟΣ: 280 NOK · 200 NOK μετά τις 18:00 — ΩΡΑΡΙΟ: Κυρ–Τρί 10:00–18:00 · Τετ–Σάβ 10:00–21:00 — ΚΟΛΠΟ: ΜΠΕΣ ΜΕΤΑ ΤΙΣ 18:00 → 200 αντί για 280 NOK, και χωρίς ουρές. Τετ–Σάβ μόνο. — ★ Διαμάντι"
Εθνικό Μουσείο,59.9124,10.7288,Μουσεία,~200 NOK (κάτω των 18 δωρεάν),Τρί–Κυρ 10:00–20:00 · Δευτέρα κλειστά,"Το μεγαλύτερο μουσείο τέχνης της Σκανδιναβίας, άνοιξε το 2022. Εδώ κρέμεται η πιο διάσημη «Κραυγή» (1893), μαζί με Πικάσο, Μονέ και νορβηγικά τοπία. — ΚΟΣΤΟΣ: ~200 NOK (κάτω των 18 δωρεάν) — ΩΡΑΡΙΟ: Τρί–Κυρ 10:00–20:00 · Δευτέρα κλειστά — ΚΟΛΠΟ: ΚΛΕΙΣΤΑ ΤΗ ΔΕΥΤΕΡΑ. Η ταράτσα «Light Hall» είναι δωρεάν προσβάσιμη. — ★ Διαμάντι"
Μουσείο Fram,59.9034,10.6987,Μουσεία,~160 NOK · combo με Kon-Tiki −40,10:00–18:00,"Μπαίνεις ΜΕΣΑ στο πραγματικό πλοίο Fram, που πήγε πιο βόρεια και πιο νότια από κάθε άλλο ξύλινο σκάφος στην ιστορία. Περπατάς στις καμπίνες των Ναnsen και Amundsen όπως τις άφησαν. — ΚΟΣΤΟΣ: ~160 NOK · combo με Kon-Tiki −40 — ΩΡΑΡΙΟ: 10:00–18:00 — ΚΟΛΠΟ: Το καλύτερο μουσείο του Bygdøy με διαφορά. Έχει και προσομοιωτή πολικού ψύχους. — ★ Διαμάντι"
Μουσείο Κον-Τίκι,59.9029,10.6976,Μουσεία,~180 NOK,10:00–18:00,Η αυθεντική σχεδία με την οποία ο Thor Heyerdahl διέσχισε τον Ειρηνικό το 1947 για να αποδείξει μια θεωρία που όλοι έλεγαν τρελή. Και το παπυρένιο Ra II δίπλα. — ΚΟΣΤΟΣ: ~180 NOK — ΩΡΑΡΙΟ: 10:00–18:00 — ΚΟΛΠΟ: 50 μέτρα από το Fram — τα κάνεις μαζί. Το combo γλιτώνει ~40 NOK.
Λαογραφικό Μουσείο,59.9068,10.6846,Μουσεία,~220 NOK,10:00–17:00,"Υπαίθριο μουσείο με 160 αυθεντικά κτίρια μεταφερμένα από όλη τη Νορβηγία, με κορυφαίο την ξύλινη εκκλησία Gol του 1200. Το καλοκαίρι υπάρχει προσωπικό με παραδοσιακές στολές και ζωντανά ζώα. — ΚΟΣΤΟΣ: ~220 NOK — ΩΡΑΡΙΟ: 10:00–17:00 — ΚΟΛΠΟ: Η ξύλινη εκκλησία (stavkirke) είναι ο λόγος που έρχεσαι. Θέλει 2–3 ώρες. — ★ Διαμάντι"
Μουσείο Άστρουπ Φέρνλεϊ,59.9077,10.7205,Μουσεία,~150 NOK · γλυπτόκηπος δωρεάν,Τρί–Κυρ 12:00–17:00 · Δευτέρα κλειστά,"Μοντέρνα τέχνη σε κτίριο του Renzo Piano με σκεπή σαν πανί καραβιού. Μέσα Koons, Hirst, Cattelan. Ο γλυπτόκηπος γύρω είναι ελεύθερος. — ΚΟΣΤΟΣ: ~150 NOK · γλυπτόκηπος δωρεάν — ΩΡΑΡΙΟ: Τρί–Κυρ 12:00–17:00 · Δευτέρα κλειστά — ΚΟΛΠΟ: Αν δεν γουστάρεις σύγχρονη τέχνη, κάνε μόνο τον δωρεάν κήπο και την παραλία δίπλα."
Ιστορικό Μουσείο,59.9166,10.735,Μουσεία,~120 NOK,Τρί–Κυρ 10:00–17:00 · Δευτέρα κλειστά,"ΕΔΩ είναι οι Βίκινγκς όσο το Μουσείο Βικινγκικής Εποχής είναι κλειστό: χρυσά κοσμήματα, το κράνος του Gjermundbu (το ΜΟΝΑΔΙΚΟ πλήρες κράνος Βίκινγκ στον κόσμο) και μια αιγυπτιακή συλλογή με μούμιες. — ΚΟΣΤΟΣ: ~120 NOK — ΩΡΑΡΙΟ: Τρί–Κυρ 10:00–17:00 · Δευτέρα κλειστά — ΚΟΛΠΟ: ΣΗΜΑΝΤΙΚΟ: Το Μουσείο Πλοίων Βίκινγκ στο Bygdøy είναι ΚΛΕΙΣΤΟ ως το 2027. Εδώ πας. — ★ Διαμάντι"
Κέντρο Νόμπελ Ειρήνης,59.9114,10.7305,Μουσεία,~150 NOK,Τρί–Κυρ 10:00–18:00,"Διαδραστική έκθεση για όλους τους νικητές του Νόμπελ Ειρήνης, σε παλιό σταθμό τρένου στο λιμάνι. — ΚΟΣΤΟΣ: ~150 NOK — ΩΡΑΡΙΟ: Τρί–Κυρ 10:00–18:00 — ΚΟΛΠΟ: Καλό μόνο αν βρέχει και έχεις Oslo Pass. Αλλιώς προσπέρασέ το."
Μουσείο Βίγκελαντ,59.9243,10.7014,Μουσεία,~120 NOK,Τρί–Κυρ 12:00–16:00,"Το εργαστήρι όπου έζησε και δούλεψε ο Vigeland, με τα γύψινα πρωτότυπα όλων των γλυπτών του πάρκου. Σχεδόν άδειο από κόσμο. — ΚΟΣΤΟΣ: ~120 NOK — ΩΡΑΡΙΟ: Τρί–Κυρ 12:00–16:00 — ΚΟΛΠΟ: 200 μέτρα από το πάρκο. Μπες μόνο αν σε τράβηξαν πραγματικά τα γλυπτά."
Vippa street food,59.9007,10.7358,Φαγητό,~120–250 NOK το πιάτο,Τρί–Κυρ 11:00–22:00 (Δευτέρα κλειστά),"Παλιά αποθήκη λιμανιού που έγινε street-food αγορά με κουζίνες από πρόσφυγες και μετανάστες: συριακό, ερυθραϊκό, βιετναμέζικο, βενεζουελάνικο. Το φθηνότερο αξιοπρεπές φαγητό της πόλης, με θέα στο φιόρδ. — ΚΟΣΤΟΣ: ~120–250 NOK το πιάτο — ΩΡΑΡΙΟ: Τρί–Κυρ 11:00–22:00 (Δευτέρα κλειστά) — ΚΟΛΠΟ: Το καλύτερο value-for-money φαγητό στο Όσλο. Πήγαινε νωρίς, γεμίζει. — ★ Διαμάντι"
Αγορά Mathallen,59.9226,10.7511,Φαγητό,~150–300 NOK,Τρί–Παρ 10:00–20:00 · Σάβ 10:00–18:00 · Κυρ 11:00–17:00 · Δευτέρα κλειστά,"Σκεπαστή αγορά σε παλιό χυτήριο, με 30 πάγκους: νορβηγικά τυριά, καπνιστός σολομός, ταπας, ζυμωτά. Μπορείς και να ψωνίσεις πρώτες ύλες για το σπίτι. — ΚΟΣΤΟΣ: ~150–300 NOK — ΩΡΑΡΙΟ: Τρί–Παρ 10:00–20:00 · Σάβ 10:00–18:00 · Κυρ 11:00–17:00 · Δευτέρα κλειστά — ΚΟΛΠΟ: Το lunch special (11:00–15:00) πέφτει στα ~150 NOK. Δευτέρα κλειστά — προσοχή. — ★ Διαμάντι"
Illegal Burger,59.9224,10.7573,Φαγητό,~180–220 NOK,15:00–23:00 (Παρ/Σάβ έως 03:00),"Το μπέργκερ που ξεκίνησε το smash-burger τρελό στο Όσλο, μικρό μαγαζί στην καρδιά της Grünerløkka. Μενού σε μαυροπίνακα, ουρά στην πόρτα, κρέας που στάζει. — ΚΟΣΤΟΣ: ~180–220 NOK — ΩΡΑΡΙΟ: 15:00–23:00 (Παρ/Σάβ έως 03:00) — ΚΟΛΠΟ: Ανοίγει 15:00. Το «Illegal» με μπέικον και τσένταρ είναι το κλασικό. — ★ Διαμάντι"
Punjab Tandoori,59.9124,10.7627,Φαγητό,~150–190 NOK,11:00–23:00,"Θεσμός στο Grønland εδώ και 30+ χρόνια: πλαστικά τραπέζια, φώτα φθορίου, μηδέν διακόσμηση — και το φθηνότερο σωστό γεύμα του Όσλο. Ταξιτζήδες, φοιτητές και οικογένειες, μηδέν τουρίστες. — ΚΟΣΤΟΣ: ~150–190 NOK — ΩΡΑΡΙΟ: 11:00–23:00 — ΚΟΛΠΟ: Chicken tikka masala + naan ~180 NOK, χορταίνεις για τη μέρα. Μετρητά ή κάρτα, μιλάνε λίγα αγγλικά. — ★ Διαμάντι"
Syverkiosken (pølse),59.9285,10.7534,Φαγητό,~60–90 NOK,Δευ–Παρ 10:00–18:00 · Σάβ 11:00–17:00,"Το τελευταίο αυθεντικό κιόσκι λουκάνικου του Όσλο, λειτουργεί από το 1979 και είναι κηρυγμένο διατηρητέο. Σου δίνουν το pølse τυλιγμένο σε lompe (πατατόπιτα) με κρεμμύδι και ρέμουλα, όπως 50 χρόνια πριν. — ΚΟΣΤΟΣ: ~60–90 NOK — ΩΡΑΡΙΟ: Δευ–Παρ 10:00–18:00 · Σάβ 11:00–17:00 — ΚΟΛΠΟ: Το πιο νορβηγικό πράγμα που θα φας, με 70 κορώνες. Ζήτα ""pølse med lompe"". — ★ Διαμάντι"
Fiskeriet (ψαρικά),59.9146,10.7476,Φαγητό,~180–280 NOK,11:00–21:00,"Ψαράδικο και εστιατόριο μαζί, στην πλατεία Youngstorget. Η ψαρόσουπα τους και το fish & chips με μπακαλιάρο σκράι είναι από τα καλύτερα στην πόλη σε λογική τιμή. — ΚΟΣΤΟΣ: ~180–280 NOK — ΩΡΑΡΙΟ: 11:00–21:00 — ΚΟΛΠΟ: Η fiskesuppe (~185 NOK) με ψωμί είναι πλήρες γεύμα."
Hitchhiker,59.9228,10.7507,Φαγητό,~150–250 NOK,16:00–22:00,"Ασιατικό street food σε μικρά πιάτα, δίπλα στο Mathallen. Bao buns, ταϊλανδέζικα, κορεάτικα — φτιαγμένα από κόσμο που ξέρει. — ΚΟΣΤΟΣ: ~150–250 NOK — ΩΡΑΡΙΟ: 16:00–22:00 — ΚΟΛΠΟ: Παράγγειλε 2–3 μικρά πιάτα να τα μοιραστείτε αντί για κυρίως."
Smalhans,59.931,10.7386,Φαγητό,~295 NOK το «dagens»,Τρί–Σάβ 16:00–23:00,"Μπιστρό γειτονιάς στο St. Hanshaugen, 8 λεπτά με τα πόδια από εσάς. Σερβίρει ένα «πιάτο ημέρας» σε σταθερή τιμή — σύγχρονη νορβηγική κουζίνα χωρίς τα νούμερα του κέντρου. — ΚΟΣΤΟΣ: ~295 NOK το «dagens» — ΩΡΑΡΙΟ: Τρί–Σάβ 16:00–23:00 — ΚΟΛΠΟ: Η καλύτερη επιλογή αν θέλετε ΕΝΑ σωστό δείπνο έξω. Θέλει κράτηση."
Freddy Fuego,59.9163,10.7455,Φαγητό,~140–180 NOK,11:00–21:00,"Μεγάλα, γεμάτα burritos σε τιμή που στο Όσλο θεωρείται δώρο. Γρήγορο, χορταστικό, κοντά στο κέντρο. — ΚΟΣΤΟΣ: ~140–180 NOK — ΩΡΑΡΙΟ: 11:00–21:00 — ΚΟΛΠΟ: Λύση για μέρα που γυρνάτε πεινασμένοι και δεν θέλετε να μαγειρέψετε."
Østbanehallen,59.9109,10.7503,Φαγητό,~150–300 NOK,07:00–23:00,"Η παλιά αίθουσα του κεντρικού σταθμού, γεμάτη με μπαρ και φαγητά. Χρήσιμο γιατί είναι ανοιχτό όταν όλα τα άλλα έχουν κλείσει. — ΚΟΣΤΟΣ: ~150–300 NOK — ΩΡΑΡΙΟ: 07:00–23:00 — ΚΟΛΠΟ: Πρακτικό stop πριν/μετά το τρένο του αεροδρομίου."
Lorry (παλιά ταβέρνα),59.9227,10.728,Φαγητό,~230–350 NOK,11:00–24:00,"Παμπ-εστιατόριο του 1880 με ταρανδό, ρέγγες και 130 μπύρες, γεμάτο κυνηγετικά τρόπαια στους τοίχους. Εδώ πίνανε ο Munch και οι μποέμ του Όσλο. — ΚΟΣΤΟΣ: ~230–350 NOK — ΩΡΑΡΙΟ: 11:00–24:00 — ΚΟΛΠΟ: Αν θες να δοκιμάσεις ταρανδό ή φαλαινοκρέας (ναι, υπάρχει), εδώ είναι το σωστό μέρος."
Tim Wendelboe (καφές),59.926,10.7583,Καφές,~45–70 NOK,Δευ–Παρ 08:30–17:00 · Σαβ/Κυρ 11:00–17:00,"Ο άνθρωπος που έκανε τη Σκανδιναβία επίκεντρο του specialty coffee — πρωταθλητής κόσμου barista, δικό του καβουρδιστήρι. Μικρό μαγαζί, τελετουργικός καφές. — ΚΟΣΤΟΣ: ~45–70 NOK — ΩΡΑΡΙΟ: Δευ–Παρ 08:30–17:00 · Σαβ/Κυρ 11:00–17:00 — ΚΟΛΠΟ: Αν πίνεις καφέ σοβαρά, είναι προσκύνημα. Αν όχι, το Kaffebrenneriet κάνει τη δουλειά. — ★ Διαμάντι"
Crowbar,59.9147,10.7492,Bars,~105–140 NOK η πίντα,15:00–01:00 (Παρ/Σάβ έως 03:00),"Η πιο σοβαρή λίστα βαρελίσιων στο Όσλο: 20+ βρύσες με νορβηγική και διεθνή craft, plus δικιά τους μικροζυθοποιία στο υπόγειο. — ΚΟΣΤΟΣ: ~105–140 NOK η πίντα — ΩΡΑΡΙΟ: 15:00–01:00 (Παρ/Σάβ έως 03:00) — ΚΟΛΠΟ: Ζήτα μικρό ποτήρι (0,3l) για να δοκιμάσεις πολλά χωρίς να χρεοκοπήσεις. — ★ Διαμάντι"
RØØR,59.9236,10.7595,Bars,~105–130 NOK η πίντα,15:00–01:00,"Το πιο άνετο craft beer bar της Grünerløkka: πολυθρόνες, σκούρο ξύλο, 12 νορβηγικές βρύσες και φαγητό που στέκει. — ΚΟΣΤΟΣ: ~105–130 NOK η πίντα — ΩΡΑΡΙΟ: 15:00–01:00 — ΚΟΛΠΟ: Έχει happy hour νωρίς το απόγευμα — ρώτα, δεν το διαφημίζουν. — ★ Διαμάντι"
Himkok,59.9155,10.7527,Bars,~170–220 NOK το κοκτέιλ,18:00–01:00 (Παρ/Σάβ έως 03:00),"Στα World's 50 Best Bars. Αποστακτήριο και μπαρ μαζί, πίσω από μια ανώνυμη πόρτα χωρίς ταμπέλα — φτιάχνουν το δικό τους τζιν και ακουαβίτ επιτόπου. — ΚΟΣΤΟΣ: ~170–220 NOK το κοκτέιλ — ΩΡΑΡΙΟ: 18:00–01:00 (Παρ/Σάβ έως 03:00) — ΚΟΛΠΟ: Δεν έχει πινακίδα: ψάξε τη μεταλλική πόρτα στο Storgata 27 και χτύπα. Μία φορά αξίζει. — ★ Διαμάντι"
Torggata Botaniske,59.9153,10.7502,Bars,~160–200 NOK το κοκτέιλ,16:00–01:00,"Μπαρ-θερμοκήπιο γεμάτο φυτά, με κοκτέιλ φτιαγμένα από βότανα και λουλούδια. Ατμόσφαιρα ζούγκλας μέσα στο κέντρο. — ΚΟΣΤΟΣ: ~160–200 NOK το κοκτέιλ — ΩΡΑΡΙΟ: 16:00–01:00 — ΚΟΛΠΟ: Το πιο ωραίο μπαρ για ένα ήσυχο πρώτο ποτό."
Schouskjelleren,59.9193,10.758,Bars,~95–125 NOK,16:00–01:00,"Μικροζυθοποιία μέσα στο θολωτό κελάρι μιας ζυθοποιίας του 1800. Πέτρινες καμάρες, χαμηλός φωτισμός, δικές τους μπύρες που δεν βρίσκεις αλλού. — ΚΟΣΤΟΣ: ~95–125 NOK — ΩΡΑΡΙΟ: 16:00–01:00 — ΚΟΛΠΟ: Από τα φθηνότερα craft του Όσλο και σίγουρα το πιο ατμοσφαιρικό. — ★ Διαμάντι"
Territoriet (κρασί),59.9245,10.7592,Bars,~120–190 NOK το ποτήρι,16:00–01:00,"400 κρασιά σε ποτήρι — από τα μεγαλύτερα by-the-glass μενού στην Ευρώπη. Χαλαρό, χωρίς σνομπισμό, το προσωπικό σε καθοδηγεί. — ΚΟΣΤΟΣ: ~120–190 NOK το ποτήρι — ΩΡΑΡΙΟ: 16:00–01:00 — ΚΟΛΠΟ: Για την Ελένη αν προτιμά κρασί από μπύρα. Ζήτα τους να διαλέξουν αυτοί."
Blå,59.921,10.7527,Bars,~110–150 NOK,Ποικίλει (live),"Θρυλικό club/live venue πλάι στο ποτάμι, με αυλή δίπλα στο νερό γεμάτη γκράφιτι. Τζαζ, ηλεκτρονικά, ό,τι πέσει. — ΚΟΣΤΟΣ: ~110–150 NOK — ΩΡΑΡΙΟ: Ποικίλει (live) — ΚΟΛΠΟ: Κυριακή έχει τζαζ jam session. Η αυλή το καλοκαίρι είναι φοβερή."
Νησί Χοβεντόγια,59.8938,10.7305,Φύση & Θέα,Δωρεάν με το εισιτήριο Ruter,Φέρι B1/B1X κάθε 20–30′,"10 λεπτά με φέρι από το κέντρο και είσαι σε νησί με ερείπια μοναστηριού Κιστερκιανών του 1147, λιβάδια, βραχάκια για μπάνιο και μηδέν αυτοκίνητα. — ΚΟΣΤΟΣ: Δωρεάν με το εισιτήριο Ruter — ΩΡΑΡΙΟ: Φέρι B1/B1X κάθε 20–30′ — ΚΟΛΠΟ: ΜΠΑΙΝΕΙ ΣΤΟ ΚΑΝΟΝΙΚΟ ΕΙΣΙΤΗΡΙΟ ΖΩΝΗΣ 1 — δεν πληρώνεις τίποτα παραπάνω. Φέρι από Aker brygge. — ★ Διαμάντι"
Νησί Λανγκόγιενε,59.8721,10.7298,Μπάνιο,Δωρεάν με το εισιτήριο Ruter,Φέρι B2 — ΜΟΝΟ ως 30 Αυγούστου!,"Το νησί με την καλύτερη αμμουδιά του Oslofjord, με ρηχά νερά και χώρο για κάμπινγκ. 25 λεπτά με φέρι. — ΚΟΣΤΟΣ: Δωρεάν με το εισιτήριο Ruter — ΩΡΑΡΙΟ: Φέρι B2 — ΜΟΝΟ ως 30 Αυγούστου! — ΚΟΛΠΟ: ΠΡΟΣΟΧΗ: το φέρι B2 σταματά στις 30 Αυγούστου. Αν το θέλετε, πρέπει ως το Σάββατο 29 / Κυριακή 30. — ★ Διαμάντι"
Παραλία Huk (Bygdøy),59.8935,10.6787,Μπάνιο,Δωρεάν,—,"Η κύρια παραλία του Όσλο, στην άκρη της χερσονήσου Bygdøy: γρασίδι, βράχια, άμμος και θέα στο φιόρδ. Έχει και τμήμα γυμνιστών, σαφώς σημασμένο. — ΚΟΣΤΟΣ: Δωρεάν — ΚΟΛΠΟ: Συνδυάζεται τέλεια με τα μουσεία του Bygdøy — μπάνιο μετά τον Fram."
Λίμνη Σόγκνσβαν,59.97,10.728,Φύση & Θέα,Δωρεάν (μέσα στη ζώνη 1),—,"Τέρμα της γραμμής 3 του μετρό και ξαφνικά είσαι σε αλπική λίμνη μέσα στο δάσος Nordmarka. Επίπεδο μονοπάτι 3,3 χλμ γύρω-γύρω, οι ντόπιοι κάνουν μπάνιο και μπάρμπεκιου. — ΚΟΣΤΟΣ: Δωρεάν (μέσα στη ζώνη 1) — ΚΟΛΠΟ: ΜΗΔΕΝ εξοπλισμός χρειάζεται — είναι στρωμένο μονοπάτι, το κάνεις με sneakers σε 1 ώρα. — ★ Διαμάντι"
Θέα Βεττακόλεν,59.9743,10.7098,Φύση & Θέα,Δωρεάν,—,"Η καλύτερη πανοραμική θέα του Όσλο και του φιόρδ, από γυμνό βράχο. Ανηφόρα 25–35 λεπτά από τη στάση του μετρό, μέσα από δάσος. — ΚΟΣΤΟΣ: Δωρεάν — ΚΟΛΠΟ: Metro γραμμή 1 ως Vettakollen. Απότομο αλλά σύντομο — δεν θέλει εξοπλισμό, μόνο κλειστά παπούτσια. — ★ Διαμάντι"
Frognerseteren,59.9808,10.6707,Φύση & Θέα,Δωρεάν θέα · καφενείο ~120 NOK,11:00–22:00 το εστιατόριο,"Τέρμα της γραμμής 1, 470 μέτρα υψόμετρο. Ξύλινο σαλέ του 1890 με θέα σε όλη την πόλη και τη διάσημη σοκολάτα-πάστα «Frognerseterkake». — ΚΟΣΤΟΣ: Δωρεάν θέα · καφενείο ~120 NOK — ΩΡΑΡΙΟ: 11:00–22:00 το εστιατόριο — ΚΟΛΠΟ: Κατέβα με τα πόδια ως το Holmenkollen (30′ κατηφόρα μέσα στο δάσος) — τα κάνεις και τα δύο μαζί."
Πλωτή σάουνα KOK,59.9046,10.75,Σάουνα,~250–350 NOK/άτομο (drop-in),Ανάλογα κρατήσεις,"Ξύλινη σάουνα πάνω σε σχεδία μέσα στο λιμάνι: ζεσταίνεσαι στους 90°C και βουτάς κατευθείαν στο παγωμένο φιόρδ, με θέα στην Όπερα. Το πιο νορβηγικό πράγμα που υπάρχει. — ΚΟΣΤΟΣ: ~250–350 NOK/άτομο (drop-in) — ΩΡΑΡΙΟ: Ανάλογα κρατήσεις — ΚΟΛΠΟ: Κλείσε online μέρες πριν, γεμίζει. Το drop-in στο Sukkerbiten είναι φθηνότερο από το ιδιωτικό. — ★ Διαμάντι"
REMA 1000 (σούπερ μάρκετ),59.9247,10.7327,Σούπερ μάρκετ,Το φθηνότερο δίκτυο,Δευ–Σάβ 07:00–23:00 · Κυρ κλειστά ή περιορισμένα,Το φθηνότερο σούπερ μάρκετ της Νορβηγίας μαζί με το KIWI. 6 λεπτά με τα πόδια από το σπίτι. — ΚΟΣΤΟΣ: Το φθηνότερο δίκτυο — ΩΡΑΡΙΟ: Δευ–Σάβ 07:00–23:00 · Κυρ κλειστά ή περιορισμένα — ΚΟΛΠΟ: ΚΥΡΙΑΚΗ ΤΑ ΠΕΡΙΣΣΟΤΕΡΑ ΚΛΕΙΝΟΥΝ. Ψώνισε Σάββατο.
KIWI (σούπερ μάρκετ),59.9268,10.7378,Σούπερ μάρκετ,Φθηνό,Δευ–Σάβ 07:00–23:00,"Πράσινη αλυσίδα, από τις φθηνότερες. Έχει έκπτωση 30% σε φρούτα/λαχανικά κάθε μέρα και καλά έτοιμα σάντουιτς. — ΚΟΣΤΟΣ: Φθηνό — ΩΡΑΡΙΟ: Δευ–Σάβ 07:00–23:00 — ΚΟΛΠΟ: Ψάξε τα κίτρινα αυτοκόλλητα έκπτωσης στα κρέατα το βράδυ — μέχρι −50%."
Vinmonopolet (κάβα κράτους),59.9223,10.7565,Σούπερ μάρκετ,Το ΜΟΝΟ μέρος για κρασί/ποτά,Δευ–Παρ 10:00–18:00 · Σάβ 10:00–16:00 · ΚΥΡΙΑΚΗ ΚΛΕΙΣΤΑ,"Κρατικό μονοπώλιο: οτιδήποτε πάνω από 4,7% αλκοόλ πωλείται ΜΟΝΟ εδώ. Στα σούπερ μάρκετ βρίσκεις μόνο ελαφριά μπύρα, και ούτε αυτή μετά τις 20:00 (18:00 το Σάββατο). — ΚΟΣΤΟΣ: Το ΜΟΝΟ μέρος για κρασί/ποτά — ΩΡΑΡΙΟ: Δευ–Παρ 10:00–18:00 · Σάβ 10:00–16:00 · ΚΥΡΙΑΚΗ ΚΛΕΙΣΤΑ — ΚΟΛΠΟ: ΚΡΙΣΙΜΟ: Κυριακή είναι κλειστά και τα σούπερ μάρκετ δεν πουλάνε μπύρα μετά τις 20:00. Προμηθεύσου νωρίς. — ★ Διαμάντι"
Πλαγιά Έκεμπεργκ,59.8992,10.7638,Φύση & Θέα,Δωρεάν,—,"Η πλαγιά κάτω από το Ekebergparken, με ανοιχτή θέα σε όλο το Όσλο και το φιόρδ. Λιγότερος κόσμος από το πάρκο πάνω. — ΚΟΣΤΟΣ: Δωρεάν — ΚΟΛΠΟ: Συνδυάζεται με το Ekebergparken — ίδιο τραμ, λίγο πιο κάτω. — Πρόταση: Συνάδελφος — (Το σημείο είναι κατά προσέγγιση)"
Πάρκο Σκόγιεν,59.9222,10.68,Φύση & Θέα,Δωρεάν,—,"Ήσυχο πάρκο γειτονιάς στο Skøyen, δυτικά. Μόλις 164 κριτικές — μέρος που ξέρουν μόνο οι ντόπιοι. — ΚΟΣΤΟΣ: Δωρεάν — ΚΟΛΠΟ: Στον δρόμο προς/από το Bygdøy. Καλό για ανάσα μακριά από τουρίστες. — Πρόταση: Συνάδελφος — (Το σημείο είναι κατά προσέγγιση)"
Paraplyen — περίπτερο & ξύλινη γέφυρα,59.927,10.702,Αξιοθέατα,Δωρεάν,—,"Περίπτερο με σκεπή σαν ομπρέλα και ξύλινη γέφυρα, στην περιοχή του Frogner. Ανακατασκευασμένο, με μόλις 17 κριτικές αλλά βαθμολογία 4,8 — κρυφό διαμάντι. — ΚΟΣΤΟΣ: Δωρεάν — ΚΟΛΠΟ: Στη διαδρομή του πάρκου Vigeland. Ρώτησε τη συνάδελφο για το ακριβές σημείο. — Πρόταση: Συνάδελφος — (Το σημείο είναι κατά προσέγγιση)"
Den Glade Gris,59.9184,10.7375,Φαγητό,300–700 NOK,Δείπνο,"«Το Χαρούμενο Γουρούνι» — gastropub με παραδοσιακή νορβηγική κουζίνα, 5.397 κριτικές με 4,6. Από τα πιο αγαπημένα της πόλης. — ΚΟΣΤΟΣ: 300–700 NOK — ΩΡΑΡΙΟ: Δείπνο — ΚΟΛΠΟ: ΕΙΝΑΙ ΣΤΟΝ ΔΡΟΜΟ ΣΑΣ: St. Olavs gate 33, ίδιος ταχυδρομικός κώδικας 0166 με το σπίτι. 5 λεπτά με τα πόδια. — ★ Διαμάντι — Πρόταση: Συνάδελφος"
Dim Sum Oslo,59.9122,10.735,Φαγητό,300–900 NOK,Μεσημέρι & βράδυ,"Κινέζικο dim sum με κοκτέιλ μπαρ, στο κέντρο (Tordenskiolds gate). Το ακριβότερο της λίστας της συναδέλφου. — ΚΟΣΤΟΣ: 300–900 NOK — ΩΡΑΡΙΟ: Μεσημέρι & βράδυ — ΚΟΛΠΟ: Καλό για μια βραδιά που θέλετε να ξεφύγετε από τα νορβηγικά. Παράγγειλε πολλά μικρά για μοίρασμα. — Πρόταση: Συνάδελφος"
Ροντελόκα,59.9275,10.769,Αξιοθέατα,Δωρεάν,—,"Μικρή γειτονιά με χρωματιστά ξύλινα σπίτια του 1800, βόρεια της Grünerløkka. Γλίτωσε από την κατεδάφιση τη δεκαετία του 70 χάρη σε κατάληψη κατοίκων. Σχεδόν μηδέν τουρίστες. — ΚΟΣΤΟΣ: Δωρεάν — ΚΟΛΠΟ: Το δεύτερο Damstredet, αλλά χωρίς κόσμο. Συνδυάζεται με βόλτα στη Grünerløkka. — ★ Διαμάντι — Πρόταση: Συνάδελφος"
Καθεδρικός Ναός Όσλο,59.9128,10.7443,Αξιοθέατα,Δωρεάν,10:00–16:00,"Ο καθεδρικός του 1697 στην πλατεία Stortorvet, με εντυπωσιακή ζωγραφισμένη οροφή και βιτρό του Emanuel Vigeland — αδελφού του γλύπτη. — ΚΟΣΤΟΣ: Δωρεάν — ΩΡΑΡΙΟ: 10:00–16:00 — ΚΟΛΠΟ: Δωρεάν είσοδος, 15 λεπτά. Πάνω στην Karl Johans, το περνάτε ούτως ή άλλως. — Πρόταση: Συνάδελφος"
Gråbein,59.9195,10.766,Bars,200–300 NOK,Απόγευμα–αργά,"Μπαρ-καφενείο γειτονιάς ανάμεσα σε Tøyen και Grünerløkka. 4,7 με 285 κριτικές — αγαπημένο των ντόπιων, όχι στα τουριστικά. — ΚΟΣΤΟΣ: 200–300 NOK — ΩΡΑΡΙΟ: Απόγευμα–αργά — ΚΟΛΠΟ: Λειτουργεί και ως καφέ τη μέρα. Καλό για ήσυχο ποτό. — Πρόταση: Συνάδελφος — (Το σημείο είναι κατά προσέγγιση)"
Meyers Bar,59.9205,10.7562,Bars,100–200 NOK,Απόγευμα–αργά,"Κοκτέιλ μπαρ στην καρδιά της Grünerløkka (Thorvald Meyers gate 25), από τα φθηνότερα της λίστας. — ΚΟΣΤΟΣ: 100–200 NOK — ΩΡΑΡΙΟ: Απόγευμα–αργά — ΚΟΛΠΟ: Στον ίδιο δρόμο με το Nedre Løkka — τα κάνετε και τα δύο σε μία βραδιά. — Πρόταση: Συνάδελφος"
Oslo Mekaniske Verksted,59.9124,10.7638,Bars,100–200 NOK,Απόγευμα–αργά,"Μπαρ σε παλιό μηχανουργείο στο Tøyenbekken, με αυλή και μηδέν διακόσμηση-για-τουρίστες. 2.002 κριτικές — θεσμός της σκηνής του Grønland. — ΚΟΣΤΟΣ: 100–200 NOK — ΩΡΑΡΙΟ: Απόγευμα–αργά — ΚΟΛΠΟ: Από τα πιο αυθεντικά μπαρ του Όσλο. Η αυλή το καλοκαίρι γεμίζει. — ★ Διαμάντι — Πρόταση: Συνάδελφος"
Οι δύο δρόμοι της Grünerløkka,59.9238,10.7565,Αξιοθέατα,Δωρεάν,—,"Οι δύο παράλληλοι κεντρικοί δρόμοι της Grünerløkka. Η Markveien έχει τα vintage και τα ανεξάρτητα μαγαζιά· η Thorvald Meyers gate τα καφέ, τα μπαρ και το τραμ. — ΚΟΣΤΟΣ: Δωρεάν — ΚΟΛΠΟ: Κατέβα τη μία και ανέβα την άλλη — έτσι βλέπεις όλη τη γειτονιά σε μία βόλτα. — Πρόταση: Συνάδελφος"
Angst,59.9152,10.7509,Bars,100–200 NOK,Απόγευμα–αργά,"Μπαρ στην Torggata με έντονο street-art πρόσοψη και ταράτσα. Νεανικό, δυνατή μουσική, φθηνά ποτά για τα δεδομένα του Όσλο. — ΚΟΣΤΟΣ: 100–200 NOK — ΩΡΑΡΙΟ: Απόγευμα–αργά — ΚΟΛΠΟ: Δίπλα στο Crowbar και στο Himkok — όλα σε 200 μέτρα. Η Torggata είναι ο δρόμος των μπαρ. — Πρόταση: Συνάδελφος"
SVANEN,59.9228,10.758,Bars,100–200 NOK,Απόγευμα–αργά,"Κοκτέιλ μπαρ με 4,5 σε 856 κριτικές και τιμές κάτω από τον μέσο όρο της πόλης για κοκτέιλ. — ΚΟΣΤΟΣ: 100–200 NOK — ΩΡΑΡΙΟ: Απόγευμα–αργά — ΚΟΛΠΟ: Φθηνότερο από το Himkok για κοκτέιλ, αν το θέλετε πιο χαλαρά. — Πρόταση: Συνάδελφος — (Το σημείο είναι κατά προσέγγιση)"
Nedre Løkka,59.925,10.7592,Bars,100–200 NOK,Απόγευμα–αργά,"Κοκτέιλ μπαρ και lounge στη Thorvald Meyers gate 89, στη βόρεια Grünerløkka. — ΚΟΣΤΟΣ: 100–200 NOK — ΩΡΑΡΙΟ: Απόγευμα–αργά — ΚΟΛΠΟ: Στην ίδια πλευρά με το RØØR και το Territoriet — τέλεια τριάδα για μια βραδιά. — Πρόταση: Συνάδελφος"
Ugly Duckling,59.9158,10.7515,Φαγητό,200–300 NOK,Μεσημέρι–βράδυ,"Μικρό μαγαζί στην Torggata με gourmet σάντουιτς και ψητά τυριά. Μόλις 141 κριτικές αλλά 4,5 — τοπικό μυστικό. — ΚΟΣΤΟΣ: 200–300 NOK — ΩΡΑΡΙΟ: Μεσημέρι–βράδυ — ΚΟΛΠΟ: Φθηνό και χορταστικό γεύμα στο κέντρο, χωρίς να μπεις σε εστιατόριο. — Πρόταση: Συνάδελφος — (Το σημείο είναι κατά προσέγγιση)"
Μουσείο Kistefos & «The Twist»,60.247,10.357,Μουσεία,200 NOK + 500 NOK λεωφορείο,24 Αυγ–11 Οκτ: Τρί–Παρ 11:00–17:00 · Σαβ/Κυρ 10:00–17:00 · ΔΕΥΤΕΡΑ ΚΛΕΙΣΤΑ,"Το «The Twist» — γκαλερί-γέφυρα που στρίβει 90 μοίρες πάνω από ποτάμι, από τα πιο φωτογραφημένα κτίρια της Σκανδιναβίας. Γύρω, πάρκο γλυπτικής με Anish Kapoor, Olafur Eliasson, Fernando Botero, μέσα σε δάσος και καταρράκτες. — ΚΟΣΤΟΣ: 200 NOK + 500 NOK λεωφορείο — ΩΡΑΡΙΟ: 24 Αυγ–11 Οκτ: Τρί–Παρ 11:00–17:00 · Σαβ/Κυρ 10:00–17:00 · ΔΕΥΤΕΡΑ ΚΛΕΙΣΤΑ — ΚΟΛΠΟ: ΔΕΝ ΕΙΝΑΙ ΣΤΟ ΟΣΛΟ — είναι στο Jevnaker, 1,5 ώρα βόρεια. Λεωφορείο VY66 από τον σταθμό λεωφορείων, 250 NOK η διαδρομή, ΜΟΝΟ Πέμ–Κυρ και ΜΟΝΟ με προκράτηση στο vybuss.no. Αναχώρηση 10:15, επιστροφή 16:50. — ★ Διαμάντι — Πρόταση: Συνάδελφος"
Κεντρικός Σταθμός,59.9111,10.7503,Μεταφορές,—,—,"Ο κόμβος των πάντων: τρένα αεροδρομίου, υπεραστικά, μετρό, τραμ. Από εδώ φεύγει και το τρένο για Flåm και Fredrikstad. — ΚΟΛΠΟ: Μετά τα μεσάνυχτα η περιοχή γύρω από τον σταθμό θέλει λίγη προσοχή."
Προβλήτα φέρι Aker brygge,59.9101,10.7302,Μεταφορές,Με το εισιτήριο Ruter,—,"Από εδώ φεύγουν τα φέρι για τα νησιά (B1, B2) και το καλοκαιρινό για Drøbak (B22). — ΚΟΣΤΟΣ: Με το εισιτήριο Ruter — ΚΟΛΠΟ: Τα νησιωτικά φέρι μπαίνουν στο κανονικό εισιτήριο. Το Drøbak θέλει επιπλέον ζώνες."
Σταθμός Nationaltheatret,59.9145,10.7331,Μεταφορές,—,—,"Ο πιο βολικός σταθμός για το κέντρο, με μετρό, τραμ και μερικά Flytoget. — ΚΟΛΠΟ: Από εδώ πιάνεις το μετρό 1 για Holmenkollen/Frognerseteren."
Αεροδρόμιο Gardermoen,60.1939,11.1004,Μεταφορές,Vy τρένο ~124 NOK · Flytoget 243 NOK,—,"47 χλμ βόρεια της πόλης. Το τρένο Vy κάνει 25–30 λεπτά και κοστίζει τα μισά από το «express» Flytoget που κάνει 19. — ΚΟΣΤΟΣ: Vy τρένο ~124 NOK · Flytoget 243 NOK — ΚΟΛΠΟ: ΠΑΡΕ VY, ΟΧΙ FLYTOGET. Γλιτώνεις ~120 NOK/άτομο για 6 λεπτά διαφορά."
